Question,Evidence,Gold Answer,Generated Answer,Exact Match,Method,Query Number
Why is Chae Song-hwa unable to join the rehearsal?,20260515_10:00,She has to attend a medical lecture,"Based on the provided context, there are two main threads of conversation happening among a group of musicians discussing their experiences and plans related to playing music.

1. **Cognitive Benefits of Playing Instruments**: In the first segment, Yuriko Yamamoto shares a study suggesting that playing musical instruments can enhance cognitive function. She expresses her personal experience, noting that she feels more focused after their jam sessions. Wolfgang Schulz responds positively, indicating that playing helps him unwind after a long week and expresses eagerness for their next jam session.

2. **Collaboration and Jamming**: In the second segment, Li Hua initiates a discussion about playing the iconic song ""Stairway to Heaven."" Li Hua shares a video of herself playing the intro and proposes that they all jam on this classic together. Yuriko enthusiastically agrees, viewing it as a good challenge, and Li Hua expresses excitement about the collaboration.

Overall, the conversations highlight the group's enthusiasm for music, both for its cognitive benefits and the",0,MiniRAG,158
What type of lighting is preferred for the seating area in the community garden?,20260516_10:00,Soft white lights,"In the provided context, there are two main conversations regarding the community garden renovation and maintenance.

1. **Community Garden Renovation Ideas (April 17, 2026)**:
   - Adam Smith initiates a discussion about the upcoming renovation of the community garden and seeks input from Li Hua.
   - Li Hua suggests two specific ideas: 
     - Adding more seating areas for relaxation.
     - Incorporating flower beds with native plants to attract butterflies and bees.
   - Adam Smith expresses his enthusiasm for these suggestions, indicating that he finds them valuable for making the garden more inviting and beneficial for local wildlife.

2. **Water Pipe Repairs (May 1, 2026)**:
   - Turalyon brings up the topic of repairing the water pipes in the garden, acknowledging that this may cause some noise and inconvenience.
   - Li Hua responds with a suggestion to schedule the repairs during times when fewer people are likely to be using the garden, showing consideration for the community's experience during the",0,MiniRAG,159
When is the construction of the garden supposed to start?,20260518_10:00,This Wednesday (20260520),"In the provided context, Turalyon initiates a conversation about a gardening project that involves buying flowers such as Bluebells, Camellias, and Tulips, and expresses excitement about how the garden will look once the flowers are planted. ChaeSong-hwa expresses enthusiasm about the flowers brightening the area, while MuradinBronzebeard suggests planning the layout of the flowers to enhance their visual appeal, indicating a collaborative effort in the garden's design.

Later, Turalyon follows up on the project, checking in on the construction progress related to the garden. Thrall expresses his positive feelings about the project but raises a concern regarding the potential noise from construction activities during work hours. MuradinBronzebeard responds in agreement, acknowledging that while construction noise can be bothersome, it is a necessary part of the process that will ultimately lead to a worthwhile outcome.

In summary, the conversation reflects a collaborative effort to create a garden, with attention given to both aesthetic planning and practical concerns",0,MiniRAG,160
Which flowers does RexxarRemar suggest for a vibrant vibe?,20260518_10:00,Bluebell and Camellia and Tulip,"The context provided revolves around a discussion among several individuals, namely Turalyon, ArthasMenethil, ChaeSong-hwa, and MuradinBronzebeard, regarding the planning and development of a garden. 

### Timeline of Events:

1. **20260507_16:00**: Turalyon announces that they have purchased flowers for the garden, specifically Bluebells, Camellias, and Tulips. ChaeSong-hwa expresses excitement about the flowers, indicating that they will enhance the garden's appearance. MuradinBronzebeard suggests that careful planning of the layout is essential, hinting at the need for a strategic arrangement of the flowers.

2. **20260516_10:00**: Turalyon proposes the idea of adding a small seating area to the garden. He believes this would create a cozy spot for relaxation and enjoyment of the garden once it is completed. ArthasMenethil agrees, stating that a seating area would make",0,MiniRAG,161
How does RexxarRemar plan to spend time in the garden once it's done?,20260518_10:00,For family gatherings and relaxing afternoons,"Based on the provided context, a group of individuals is discussing plans for a renovated garden space. The conversation revolves around enhancing the garden's atmosphere through decorations and community involvement. 

RexxarRemar initiates the idea of adding decorations such as banners and flags, emphasizing that these elements could contribute positively to the overall joy of the space. TirionFordring agrees and suggests that involving children in crafting decorations could add a personal touch and further enhance the festive atmosphere. 

ArthasMenethil supports the idea of community participation, suggesting that encouraging everyone to contribute to the decorations would foster a sense of community and engagement. Following this, TirionFordring proposes introducing friendly competitions as a means to encourage participation while also beautifying the garden, which LiHua enthusiastically endorses, noting that competitions could be both enjoyable and rewarding.

In summary, the group is collaboratively brainstorming ideas to decorate the renovated garden, aiming to create a festive environment and encourage community involvement through crafts and competitions. The",0,MiniRAG,162
What does LiHua find as a perfect place to work in his conversation with Chae?,20260521_15:00,The Lighthouse Cafe,"Based on the provided context, there are two main interactions taking place between different individuals, LiHua and Adam Smith in the first instance, and LiHua and Wolfgang Schulz in the second.

1. **LiHua and Adam Smith Interaction (January 11, 2026)**:
   - **Nature of Interaction**: LiHua expresses gratitude to Adam Smith for being a considerate landlord and specifically mentions a positive resolution regarding a light fixture issue. This indicates that there was a prior problem with the light fixture that Adam helped to fix.
   - **Tone and Relationship**: The exchange is friendly and respectful, with both parties exchanging well-wishes for Sunday, indicating a good landlord-tenant relationship. LiHua's use of emojis suggests a light-hearted, positive interaction.

2. **LiHua and Wolfgang Schulz Interaction (June 17, 2026)**:
   - **Event Discussion**: LiHua brings up a local music festival that could provide their",0,MiniRAG,163
What songs does Chae propose to the Jolly band to try out on Sunday according to the conversation on 20260521?,20260521_20:00,"The Yellow Wind Rises and ""To the West""","Based on the context provided, the initial conversation revolves around brainstorming band names, initiated by WolfgangSchulz on May 5, 2026. He expresses enthusiasm for coming up with creative names, suggesting a mix of fun and uniqueness. YurikoYamamoto responds positively, proposing the idea of incorporating musical terms with their names and suggesting names like ""The Midnight Jammers"" and ""Harmony Collective,"" which reflects their musical themes.

Later, on August 22, 2026, the conversation shifts dramatically to a discussion about AI robots. LiHua expresses excitement after watching a video on the topic, while WolfgangSchulz shares his perspective on the rapid evolution of AI, highlighting both the impressive advancements and the potential concerns they bring for developers.

To summarize, the context illustrates two distinct conversations: one focused on creative collaboration for a band and the other on the implications of AI technology. There is no indication of a connection between the two discussions, aside from the participants being engaged in both topics",0,MiniRAG,164
What is IllidanStormrage's suggestion to the ongoing garden construction according to the discussion on 20260522?,20260522_20:00,plan some quiet hours when the kids are playing,"Based on the context provided, it appears that there are two distinct discussions happening among the participants.

1. **Discussion about Noise and Construction (Time: 20260526_15:40)**: 
   - IllidanStormrage expresses understanding of the frustration caused by noise, likely from ongoing construction, which affects relaxation and focus. 
   - ArthasMenethil suggests proposing quieter hours for construction work, indicating a desire to mitigate the disturbance during certain times.
   - RexxarRemar agrees with both Illidan and Arthas, emphasizing that adjusting the construction schedule could greatly benefit everyone affected by the noise.

2. **Discussion about Adding Benches to a Garden (Time: 20260427_10:30)**:
   - Thrall initiates a conversation about adding benches to a garden, suggesting it would create a cozy space for relaxation.
   - RexxarRemar concurs with Thrall, noting that benches would enhance the garden's inviting atmosphere.

The two discussions",0,MiniRAG,165
What songs does LiHua suggest adding to the karaoke playlist in his conversation with Chae?,20260525_15:00,"I Will Survive and ""Sweet Caroline""","Based on the provided context, ChaeSong-hwa and LiHua have discussed their interest in karaoke on two different occasions. 

1. **First Interaction (20260421_16:00)**: ChaeSong-hwa invited LiHua to a karaoke activity she was organizing for Saturday at 7 PM. LiHua expressed enthusiasm and confirmed her attendance, stating she was looking forward to it. This indicates that they had plans to meet up for karaoke on that date.

2. **Second Interaction (20260525_15:00)**: Approximately a month later, ChaeSong-hwa mentioned her desire to do karaoke again, lamenting that work was overwhelming at the moment. She suggested planning another karaoke session for the following weekend, which LiHua agreed to, showing excitement about the idea and the prospect of singing together again.

From this context, we can conclude that the two friends have a shared interest in karaoke and have made plans to both attend a specific event and",0,MiniRAG,166
What time does Turalyon plan to limit noisy activities?,20260527_10:00,From 2-3 pm,"Based on the provided context, it seems we have two separate conversations occurring at different times. 

1. **First Conversation (Timestamp: 20260507_16:00)**: This discussion centers around gardening, specifically the selection and planning of flowers for a garden. Turalyon announces that they have purchased flowers including Bluebells, Camellias, and Tulips, expressing excitement about how the garden will look. ChaeSong-hwa responds positively, affirming that flowers will enhance the garden's appearance. MuradinBronzebeard suggests a strategic layout for the flowers, proposing to group them by color or height for better visual impact. Turalyon agrees with this idea, indicating a collaborative spirit among the group regarding the garden's development.

2. **Second Conversation (Timestamp: 20260123_17:00)**: This interaction is more social, involving WolfgangSchulz inviting LiHua to dinner. LiHua declines the invitation due to being busy but expresses interest",0,MiniRAG,167
Why does WolfgangSchulz inquire of the band members about health products?,20260527_23:00,Wolfgang is feeling very tired lately with the overtime and wants to boost up his energy,"Based on the provided context, the timeline of events indicates that LiHua and Wolfgang Schulz initially discussed the possibility of their band performing at a local music festival on June 17, 2026. Wolfgang suggested that they should practice on Sundays to accommodate his busy schedule during the week, to which LiHua agreed.

Subsequently, on August 4, 2026, ChaeSong-hwa proposed that the band try out the song ""A Million Dreams"" from The Greatest Showman for their next jam session. This suggestion was met with enthusiasm from Yuriko Yamamoto, who expressed excitement about the energy of the song and anticipation for playing it together.

In summary, the context shows an evolving conversation about preparing for a local music festival, with a focus on scheduling practices on Sundays and selecting new songs for their performance. The band members are actively collaborating and enthusiastic about their upcoming musical endeavors.",0,MiniRAG,168
What is the name of the song LiHua suggests revisiting for the band's music session according to their conversation on 20260529?,20260529_17:00,The History of Everything,"Based on the provided context, LiHua and Wolfgang Schulz are discussing a local music festival that has presented an opportunity for their band to perform. In their conversation dated June 17, 2026, they express excitement about the festival and agree on the importance of preparing for it. Wolfgang mentions that he prefers to have their practice sessions on Sundays due to his busy schedule during the week, suggesting they focus on making the most of their Sunday jam sessions.

Earlier, on March 18, 2026, LiHua reached out to Yuriko Yamamoto to invite her to join their Sunday night jam sessions. LiHua believes Yuriko would be a good fit for the band given her bass skills, and Yuriko enthusiastically agrees to participate.

From this timeline, it can be inferred that:

1. **Music Festival Opportunity**: The local music festival is a significant event for LiHua, Wolfgang, and potentially Yuriko, as it provides a platform for the band to perform",0,MiniRAG,169
Which kind of pastry does Li Hua express his interest in trying in his conversation with Hailey on 20260531?,20260531_20:00,the new banana durian cheesecake,"Based on the provided context, the conversation revolves around Wolfgang Schulz planning a small party and seeking recommendations for pastry delivery. Li Hua suggests Hailey's bakery, which is known for its fresh pastries delivered weekly. Wolfgang expresses enthusiasm about the suggestion and plans to contact Hailey for the pastries.

In a separate but related conversation, Li Hua shares her experience at Hailey's bakery with Hailey Johnson, where she praises the treats and mentions trying a new pastry, indicating a good relationship and trust in the bakery’s offerings.

To summarize the details:

1. **Wolfgang's Party**: He is looking for pastry delivery options for a party he is planning at his home.
   
2. **Recommendation**: Li Hua recommends Hailey's bakery, highlighting that Hailey delivers fresh pastries weekly, making her a suitable choice for Wolfgang's needs.

3. **Li Hua's Experience**: Li Hua has recently visited Hailey's bakery, enjoyed the pastries, and shared photos with Hailey, which",0,MiniRAG,170
When did Li Hua inform Adam Smith that the rent for last month (implied to be May) had been transferred?,20260602_10:00,2024-06-02 at 10:00,"Based on the context provided, the conversation revolves around LiHua and AdamSmith discussing rent payments. 

On **January 30, 2026**, at **10:00 AM**, LiHua informs Adam that she has completed the rent payment through a bank transfer, asking him to check it when he can. Adam promptly acknowledges this update with a simple ""Got it, thanks for the update!"" indicating that he received the message and is aware of the payment status.

Prior to this, on **January 27, 2026**, at **8:30 PM**, Adam had reached out to LiHua as a reminder that the rent was due soon. He also offered to discuss any payment options or answer questions, showing his willingness to assist. LiHua responded positively, confirming that everything was fine on her end and thanking Adam for the reminder.

The context does not provide any information about the specifics of the rent amount, the bank transfer details, or any issues with the payment.",0,MiniRAG,171
What is the name of Hailey Johnson's new weekly flavor cheese?,20260603_09:45,Hazelnut Basque Roasted Cheese,"Based on the provided context, Wolfgang Schulz is planning to hold a small party and is looking for shops that offer doorstep pastry delivery. Li Hua suggests Hailey's bakery, mentioning that Hailey delivers fresh pastries weekly, which could be a great resource for Wolfgang's party.

In a subsequent conversation, Hailey Johnson announces that she has hired a new clerk named Alice to assist with their doorstep delivery service, specifically for milk and bread. Alice will be handling orders every Monday and Friday at 8 am. While this information is related to the bakery's delivery service, it does not specifically mention pastries. However, it indicates that Hailey's bakery is actively expanding its delivery services.

To summarize, Wolfgang can reach out to Hailey's bakery for pastries for his party, as Li Hua has recommended. Additionally, with Alice now involved in the delivery service, there may be an enhanced capacity to fulfill Wolfgang's order, although it is not explicitly stated that Alice will handle pastry deliveries. Therefore, Wolfgang should",0,MiniRAG,172
Why can't people sit on the benches when Turalyon informs the community that the benches have been installed on 20260604?,20260604_18:00,the paint isn't dry yet,"In the context provided, Turalyon initiates a discussion about a gardening project, sharing that some flowers have already been purchased, specifically Bluebells, Camellias, and Tulips. ChaeSong-hwa expresses enthusiasm about the flowers, indicating she believes they will enhance the garden's aesthetic. MuradinBronzebeard contributes to the conversation by suggesting that they should plan the layout of the flowers carefully, proposing that grouping them by color or height could create a more visually appealing arrangement.

Following this, ionFordring introduces the idea of incorporating friendly competitions into the project, which he believes could enhance community participation while also beautifying the garden. LiHua supports this suggestion, highlighting that such competitions could foster a sense of togetherness and add an element of fun to the gardening effort.

Overall, the conversation revolves around planning and enhancing a garden through thoughtful selection and arrangement of flowers, as well as engaging the community through competitions. The participants are excited about the project and are actively contributing ideas to",0,MiniRAG,173
What is the phone number for the maintenance worker that Adam Smith provided to Li Hua for the broken streetlight?,20260605_18:45,314159,"Based on the context provided, LiHua initially reached out to Adam on June 5, 2026, to report a broken streetlight. Adam responded with the contact information for the maintenance worker, suggesting that LiHua call the number 314159 to get the streetlight fixed. This indicates that Adam is knowledgeable about whom to contact for maintenance issues in their vicinity.

Later, on July 7, 2026, LiHua contacted Adam again to inquire about any potential problems in the basement following some rainstorms. Adam reassured LiHua that everything appeared to be fine and advised her to monitor the situation, offering to call the maintenance worker if any issues were to arise.

Overall, Adam's responses demonstrate his willingness to assist LiHua with maintenance concerns and provide relevant contact information, suggesting a supportive relationship between the two. If LiHua needs to report the broken streetlight, she should reach out to the maintenance worker at the provided number. If she has further questions",0,MiniRAG,174
What breathing technique does Jennifer Moore suggest for running?,20260606_09:00,Inhaling for 3 steps and exhaling for 2 steps,"Based on the provided context, Jennifer Moore is actively engaging with her community to encourage workouts and share fitness tips. The first message, timestamped June 6, 2026, at 09:00, highlights her motivation for the weekend, emphasizing a positive mindset and suggesting a specific breathing technique for running. She advises inhaling for three steps and exhaling for two steps, which is intended to enhance stamina during workouts. This indicates her focus on not just physical exercise but also on breathing techniques that can improve performance.

In the second message, dated August 23, 2026, at 18:00, Jennifer is supporting a specific individual, Li Hua, by discussing the plank exercise and encouraging her to challenge herself the following week. Li Hua expresses readiness to take on this challenge, indicating a supportive and motivational dynamic between them. Jennifer's response reinforces her enthusiasm and commitment to help Li Hua improve her form and core strength.

Overall, the context reflects a community-oriented approach to fitness, with",0,MiniRAG,175
When is the Freelancer Group Meeting scheduled for according to the conversation between LiHua and Yuriko?,20260608_14:30,This Wednesday at 3 pm,"The context provided outlines a series of interactions primarily between two individuals, Yuriko Yamamoto and Li Hua, along with a mention of Wolfgang Schulz. The exchanges highlight two main events: a scheduled brainstorming session and a proposal for a jam session.

1. **Brainstorming Session**: 
   - **Date and Time**: The session is scheduled for Thursday at 9 AM on March 9, 2026.
   - **Location**: Central Perk, which indicates a casual setting likely conducive to creative discussions.
   - **Participants**: The conversation specifically mentions Yuriko and Li Hua, both expressing enthusiasm about the meeting. Yuriko is looking forward to discussing the studio homepage, indicating that this session may involve planning or design aspects related to a creative project.

2. **Jam Session Proposal**:
   - **Date and Time**: The second interaction takes place on June 24, 2026.
   - **Activity**: Li Hua shares a video of himself",0,MiniRAG,176
What suggestions does Jennifer give to LiHua to help boost his endurance?,20260610_16:00,try incorporating longer cardio sessions and interval training into your routine,"LiHua is actively seeking ways to enhance her endurance as part of her fitness journey. In her recent message dated June 10, 2026, she expresses satisfaction with her current workouts but emphasizes the desire to improve endurance specifically. Jennifer Moore responds with actionable advice by suggesting a few strategies to help LiHua achieve her goal.

To boost endurance, Jennifer recommends:

1. **Longer Cardio Sessions**: Incorporating extended periods of cardiovascular exercise will help build stamina over time. This could include activities such as running, cycling, or swimming, where the duration of the workout is gradually increased.

2. **Interval Training**: This involves alternating between high-intensity bursts of activity and lower-intensity recovery periods. Interval training is effective for improving cardiovascular fitness and can lead to better endurance.

3. **Variety in Activities**: Mixing different forms of exercise not only keeps the routine interesting but also challenges different muscle groups and energy systems. LiHua could try various activities, such as",0,MiniRAG,177
What new pastry does Hailey think is perfect for a fitness lover like Li Hua?,20260611_12:45,high-protein breads,"Based on the provided context, Wolfgang Schulz is planning to hold a small party and is looking for shops that offer doorstep pastry delivery. He reaches out to Li Hua for recommendations, who suggests Hailey's bakery, noting that Hailey delivers fresh pastries weekly and might be able to provide treats for Wolfgang's party.

In a previous conversation two days earlier, Li Hua mentioned visiting Hailey's bakery and praised the treats, indicating that she recently tried a new pastry that she found delicious. This illustrates Li Hua's familiarity with Hailey's offerings and suggests that Hailey's bakery is well-regarded for its quality.

In summary, Wolfgang should contact Hailey's bakery for pastry delivery, as Li Hua has had positive experiences there and confirms that Hailey regularly delivers fresh pastries. This recommendation is timely and relevant, especially considering Wolfgang's upcoming party.",0,MiniRAG,178
Who proposes adding some outdoor games or a small water feature to the children's play areain the community discussion?,20260612_15:00,Thrall,"Based on the provided context, Turalyon has initiated a conversation about enhancing a garden renovation project, particularly emphasizing the completion of a children's play area. The discussion quickly evolves as Thrall suggests adding outdoor games or a small water feature to make the space more enjoyable for kids. This idea is positively received by LiHua, who proposes introducing picnic tables for families. 

In response to the request for more suggestions, Cypher contributes the idea of incorporating outdoor circuits with relays or team challenges, highlighting the benefits of team-building activities and increased motivation during workouts. LiHua expresses enthusiasm for Cypher's suggestion, indicating a collaborative spirit in improving the garden.

Overall, the conversation reflects a community effort to enhance the garden with various features that cater to both children and families, promoting fun, engagement, and physical activity. The ideas proposed so far include:

1. **Outdoor Games** - Suggested by Thrall, aimed at making the play area more interactive.
2. **Small Water Feature** -",0,MiniRAG,179
Who proposes adding picnic tables for families to enjoy some snacks after playing?,20260612_15:00,Li Hua,"Based on the provided context, the conversation primarily revolves around LiHua and WolfgangSchulz planning to celebrate together with a dinner at LiHua's place. LiHua expresses excitement about the dishes she is preparing and confirms that Wolfgang plans to arrive around 6 PM. Wolfgang offers to help but is told that everything is under control, and he should just bring his appetite. After dinner, Wolfgang mentions he has no specific plans, indicating he is looking forward to the festivities.

The second part of the context discusses a community initiative involving the creation of a playground, with participants like MalfurionStormrage and ArthasMenethil expressing enthusiasm about collaborating on ideas for this project. They envision the playground as a positive addition to the community, particularly for families and children.

There are no direct connections or interactions between the two conversations except for the shared theme of celebration and community involvement. The first conversation focuses on a personal celebration, while the second addresses community development. 

If you have a specific",0,MiniRAG,180
Who proposes creating a little garden area where kids can help plant flowers or vegetables?,20260612_15:00,GromHellscream,"Based on the provided context, Turalyon initiated a discussion about repairing the water pipes in the garden on May 1, 2026. He acknowledged that the repairs might create noise and inconvenience and sought feedback from others involved in the garden area. LiHua suggested scheduling the repair work during off-peak hours to minimize disruption, which Turalyon agreed was a good strategy.

Prior to this, on April 26, 2026, AdamSmith reached out to LiHua about joining a group chat focused on garden renovation activities. LiHua expressed interest in participating, indicating that she found the project appealing and was eager to discuss the details with the group.

In summary, the timeline shows that there is an ongoing conversation about the garden renovation, specifically regarding the water pipe repairs. LiHua is actively involved in this discussion and has expressed a willingness to collaborate through a group chat, which indicates a cooperative effort among the participants regarding the garden's maintenance and improvements.",0,MiniRAG,181
Why does LiHua bring up Adam Smith in the band's conversation on 20260616?,20260616_10:40,LiHua thinks it is really nice for Mr. Smith to rent this basement to us for practice,"In the provided context, we have two separate interactions between LiHua and AdamSmith, both of which show a positive and cooperative landlord-tenant relationship.

1. **First Interaction (January 11, 2026)**: 
   - **Time**: 20260111_17:00
   - **Content**: LiHua expresses gratitude to Adam for resolving an issue with a light fixture. She mentions that everything is now functioning properly and thanks him for being a great landlord. Adam responds positively, stating he is glad to hear everything is well and offers further assistance if needed. LiHua acknowledges this offer and wishes Adam a pleasant Sunday, to which he reciprocates.

2. **Second Interaction (January 5, 2026)**: 
   - **Time**: 20260105_14:00
   - **Content**: LiHua checks in with Adam regarding her move-in details, asking for a suitable time to come by. Adam",0,MiniRAG,182
What event does LiHua think is an opportunity for the Jolly band to perform in front of the crowd?,20260617_17:00,the poster saying that the town is holding a local music festival,"Based on the provided context, there are two main events discussed: 

1. **Local Music Festival Preparation**: On June 17, 2026, LiHua mentions a local music festival that could provide an opportunity for their band to perform. WolfgangSchulz expresses enthusiasm about the opportunity and suggests that they prepare for the event. He proposes that they keep their practice sessions on Sundays due to his busy schedule during the week. LiHua agrees that Sundays work well for them, indicating a willingness to commit to this schedule for their jam sessions.

2. **Anniversary Event Feedback**: Earlier, on April 18, 2026, HaileyJohnson asks LiHua for feedback on an anniversary event and the new products introduced there. LiHua responds positively, saying that the event was enjoyable and highlights his appreciation for the new pastries, particularly the raspberry tart, which he notes was a hit. This exchange reflects a positive interaction focused on event feedback and product reception.

In",0,MiniRAG,183
What dietary restrictions does LiHua have in his conversation with Hailey?,20260618_11:30,No dietary restrictions,"Based on the context provided, it is clear that Hailey Johnson and Li Hua share a friendly relationship centered around baking. The most recent interaction indicates that Hailey is hosting a free baking class on the weekend of June 18, 2026, and Li Hua has expressed interest in attending. Here are the details extracted from the context:

1. **Baking Class Invitation**: Hailey invites Li Hua to a baking class scheduled for the upcoming weekend, which is June 18, 2026. This shows Hailey's initiative to engage with Li Hua through a fun and social activity.

2. **Li Hua's Response**: Li Hua enthusiastically agrees to attend the baking class and confirms that she has no dietary restrictions, indicating she is flexible and can partake in various baking activities.

3. **Special Requests**: Hailey encourages Li Hua to communicate any specific interests or requests regarding the class, which reflects her willingness to tailor the experience to Li Hua’s preferences.

4. **",0,MiniRAG,184
What will special guest speaker be talking about as Jennifer mentions to LiHua?,20260619_0815,about nutrition for athletes,"Based on the context provided, here are the detailed answers to potential questions regarding LiHua's activities and plans:

1. **What time will LiHua arrive for the move-in?**
   LiHua confirmed that she will be at Adam's place around 5:30 PM on January 5, 2026. This was agreed upon during a conversation where Adam mentioned he would be available anytime after 5 PM.

2. **When did LiHua arrive in the city?**
   LiHua arrived in the city on January 5, 2026, at 11:00 AM. She communicated this to Wolfgang Schulz, indicating her excitement about being in the city.

3. **What are LiHua's plans for lunch?**
   LiHua proposed to Wolfgang that they grab lunch together on January 8, 2026, which is the day after tomorrow from her arrival date.

4. **What is the nature of LiHua's",0,MiniRAG,185
What is the survey that Jennifer wants LiHua to fill out about?,20260622_11:00,the experience with our training sessions so far,"Based on the provided context, the conversation revolves around LiHua and Jennifer rescheduling their training session due to LiHua's unexpected work commitment. The relevant details are as follows:

1. **Initial Situation**: LiHua has a work meeting on February 12, 2026, which leads her to propose rescheduling their training session to a later date.

2. **Rescheduling Proposal**: LiHua suggests moving the training session to Friday, which is February 13, 2026. 

3. **Response and Confirmation**: Jennifer responds positively, indicating that Friday works for her as well. They discuss the time, and LiHua proposes maintaining their original time of 10:00 am, which Jennifer agrees to.

4. **Outcome**: They successfully reschedule their training session for Friday, February 13, 2026, at 10:00 am.

In summary, LiHua and Jennifer have rescheduled their training for Friday at ",0,MiniRAG,186
When does the special event at Hailey's bakery start according to Hailey and LiHua's conversation on 20260622?,20260622_13:30,The event starts at 10 AM this Saturday,"Based on the context provided, Hailey Johnson is organizing a bakery anniversary event scheduled from April 15 to April 17, 2026. During this event, the bakery will feature various discounts and new bread products, and Hailey has expressed excitement about having her friend Li Hua attend and celebrate with her. 

In a subsequent message dated July 31, 2026, Hailey is planning a separate bread-tasting event at the bakery and is seeking Li Hua's assistance in gathering customer feedback during this event. The bread-tasting event is set to occur on a Saturday from 10 AM to 2 PM, although the specific date for this Saturday is not mentioned in the provided context.

Overall, the bakery is actively engaging in community events and seeking feedback to improve its offerings, with Li Hua being a supportive friend and potential collaborator in these activities.",0,MiniRAG,187
What video does LiHua send to the band group chat on 20260624?,20260624_14:00,"a video of himself playing the intro to ""Stairway to Heaven""","Based on the provided context, there are two main conversations featuring LiHua.

1. **Photography Exhibition Reminder**: In the first conversation, which takes place on August 5, 2026, at 16:00, LiHua reminds Wolfgang Schulz about a photography exhibition they plan to attend at 19:00 that same evening. They discuss grabbing a bite to eat beforehand, and Wolfgang suggests trying a new burger place that he has heard good things about, particularly about their fries. They decide to meet at 6:00 PM to go to the burger place before heading to the exhibition.

2. **Move-In Details**: The second conversation occurs on January 5, 2026, at 14:00. LiHua reaches out to Adam Smith to discuss the details of her move-in. Adam responds that she can come by anytime after 5 PM that day, and LiHua confirms she will arrive around 5:30 PM.

To summarize,",0,MiniRAG,188
Waht song does Wolfgang propose adding to the band's practice set on 20260625?,20260625_19:00,Viva la Vida by Coldplay,"Based on the provided context, the conversation is focused on music and song selection among a group of individuals, primarily involving Yuriko Yamamoto, Chae Song-hwa, and Li Hua.

On July 6, 2026, Yuriko initiated the idea of learning ""Rolling in the Deep"" by Adele, expressing her enthusiasm for the song's emotional depth. Chae responded positively, recognizing the song's powerful nature and agreeing to work on it together. Yuriko complimented Chae's vocal abilities, indicating excitement about the collaboration. Li Hua also showed eagerness to participate but did not complete their thought in that excerpt.

Earlier, on May 9, 2026, Yuriko suggested playing ""gentle tunes"" for a change of pace, to which both Li Hua and Chae responded favorably. They discussed specific soothing songs, with Chae mentioning ""Landslide"" and ""Blackbird.""

In summary, the group appears to be collaboratively selecting songs to perform, alternating",0,MiniRAG,189
What is the main topic of the conversation between LiHua and ChaeSong-hwa on 20260626?,20260626_11:00,Chae and her team making a breakthrough in the research study and LiHua congratulating her,"Based on the provided context, it appears that there are two distinct events being discussed between ChaeSong-hwa and LiHua:

1. **Community Medical Knowledge Lecture**: Scheduled for **April 11, 2026, at 7 PM**. ChaeSong-hwa reminds LiHua about this lecture, which will cover basic health tips and common medical myths. LiHua expresses interest and confirms that she will attend.

2. **Bonfire Singing Party**: This event is set for **March 21, 2026, at 9 PM**. ChaeSong-hwa invites LiHua to a bonfire singing party for the neighbors, and LiHua enthusiastically agrees to bring her guitar.

### Detailed Answer:
- **Event Timing**: The medical lecture is taking place later than the bonfire party, specifically on April 11, 2026, while the bonfire party occurs on March 21, 2026.
  
- **",0,MiniRAG,190
Waht songs does Chae recommend in the band's group discussion on 20260629?,20260629_18:30,"Uptown Funk or ""Happy""","Based on the provided context, we can identify two separate interactions involving the user LiHua. 

1. In the first interaction dated **April 25, 2026**, LiHua asks if she can bring a friend to a jam session scheduled for the following night. WolfgangSchulz and YurikoYamamoto respond positively, with Wolfgang encouraging the inclusion of her friend as long as they can match the group's musical style. Yuriko expresses enthusiasm about meeting LiHua's friend and asks for more information about them.

2. The second interaction occurs on **September 4, 2026**, where ChaeSong-hwa informs LiHua about recent studies that suggest music can be beneficial for babies' development. LiHua expresses surprise and interest, indicating a desire to create a playlist for children.

### Answer to the Question:
LiHua's initial inquiry about bringing a friend to a jam session indicates a social and collaborative atmosphere among the group, characterized by their interest in",0,MiniRAG,191
What tip does Jennifer give to the gym members on 20260630?,20260630_15:30,Staying hydrated during workout is very important,"Based on the context provided, LiHua is actively seeking advice on both workout routines and healthy meal plans. The conversation highlights two main points of interest for LiHua: finding a suitable gym and receiving nutritional guidance.

1. **Workout Routine**: LiHua is starting a new workout routine and is looking for a gym. Wolfgang Schulz suggests FitZone, which is convenient for LiHua as it offers various classes and equipment, along with a friendly atmosphere.

2. **Healthy Meal Plan**: Jennifer Moore provides specific advice on creating a balanced meal plan. She emphasizes the importance of whole foods and suggests including the following components:
   - **Lean Proteins**: Options such as chicken, fish, and tofu are recommended to help with muscle recovery and overall health.
   - **Whole Grains**: Foods like quinoa and brown rice are suggested for sustained energy and fiber.
   - **Vegetables**: A variety of vegetables should be included for essential vitamins and minerals.
  ",0,MiniRAG,192
Why deoes the construction have to be postponed according to Tirion Fordring?,20260701_10:00,the storm and the rain have been going on for days,"In the provided context, a group of individuals, including Turalyon, ChaeSong-hwa, MuradinBronzebeard, ionFordring, and LiHua, are in the planning stages of a garden project. The timeline indicates that this discussion takes place on May 7, 2026, at 16:00. 

Turalyon initiates the conversation by sharing that they have already purchased several types of flowers for the garden, specifically Bluebells, Camellias, and Tulips. This indicates that the project is already underway, with initial steps taken toward the garden's development.

ChaeSong-hwa expresses enthusiasm about the flowers, suggesting that they will enhance the beauty of the space. MuradinBronzebeard contributes to the conversation by proposing a thoughtful approach to the garden's layout, suggesting that they could organize the flowers by color or height to create a visually appealing design. Turalyon agrees with this idea, indicating a collaborative spirit among the group",0,MiniRAG,193
What kinds of Thai food does Wolfgang want to try out at the Thai restaurant on 20260702?,20260702_15:00,pad thai and maybe some spring rolls,"Based on the provided context, Wolfgang Schulz and Li Hua are planning to meet for dinner at a Thai restaurant on July 2, 2026, at 7 PM. Wolfgang has discovered a new Thai spot that he describes as both ""super good"" and ""budget-friendly."" Li Hua is enthusiastic about the plan and expresses her excitement for the dinner.

Prior to this dinner plan, there is an interaction between Hailey Johnson and Li Hua regarding a bakery's anniversary event that is happening from April 15 to 17, 2026. Hailey invites Li Hua to celebrate and check out new bread products, and Li Hua expresses her intention to attend.

In summary, Li Hua has a commitment to visit the bakery’s anniversary event in mid-April and has agreed to meet Wolfgang for dinner in July. The timeline indicates that these events occur several months apart. Therefore, Li Hua's schedule should accommodate both the bakery event and the dinner with Wolfgang, as they are not overlapping. 

If",0,MiniRAG,194
What song does Yuriko propose that the band can practice this weekend according to the band's discussion on 20260703?,20260703_11:45,Take Me Home Country Roads by John Denver,"Based on the provided context, it seems that there are two main conversations happening among a group of individuals, likely friends or band members, discussing their musical preferences and plans for upcoming jam sessions.

1. **First Conversation (Weight: 0.99)**:
   - **Date and Time**: May 9, 2026, at 18:30.
   - **Participants**: Yuriko Yamamoto, Li Hua, and Chae Song-hwa.
   - **Discussion**: Yuriko initiates a conversation about playing gentle tunes for the week, suggesting a shift to a more relaxed musical vibe. Li Hua expresses enthusiasm about this idea and asks for specific song suggestions. Chae Song-hwa proposes two soothing songs, ""Landslide"" and ""Blackbird,"" which receive a positive response from Yuriko, who confirms her love for ""Landslide.""

2. **Second Conversation (Weight: 0.51)**:
   - **Date and Time**:",0,MiniRAG,195
What is the name of the song that Yuriko recommend to the band on 20260706?,20260706_19:30,Rolling in the Deep by Adele,"Based on the provided context, the conversation revolves around a group of individuals discussing their plans to play music together. 

On May 9, 2026, Yuriko Yamamoto suggests that they play some gentle tunes, which is met with enthusiasm from Li Hua and Chae Song-hwa. Chae even proposes specific songs, ""Landslide"" and ""Blackbird,"" both of which are known for their soothing melodies. Yuriko expresses her appreciation for ""Landslide,"" indicating a positive reception to the idea of playing gentle music.

Later, on June 24, 2026, Li Hua shares a video of herself playing the intro to the classic song ""Stairway to Heaven"" and suggests that they jam on this song together. Yuriko responds positively, indicating that she is eager to take on the challenge of playing this iconic piece.

In summary, the group has shifted from discussing gentle tunes to exploring more classic rock music, indicating their willingness to expand their musical repertoire while still",0,MiniRAG,196
Why are LiHua and Adam concerned about the basement in their conversation on 20260707?,20260707_16:00,They want to check if there were any issues in the basement after those rainstorms,"Based on the provided context, the timeline of events is centered around communication between Adam Smith and Li Hua regarding potential issues with the pipes in the basement and the renovation progress of that same area.

1. **Initial Concern (March 1, 2026)**: Adam alerts Li Hua about potential problems with the pipes in the basement, as he heard from neighbors. He requests that she keeps an eye on the situation, indicating that it may need attention to avoid further issues.

2. **Response from Li Hua (March 1, 2026)**: Li Hua acknowledges Adam's concern and agrees to monitor the basement. She expresses hope that everything is fine, which suggests her willingness to help but also indicates uncertainty regarding the state of the pipes.

3. **Follow-up Communication**: Adam reassures Li Hua, expressing that if she notices anything unusual, she should inform him so that he can address it. This emphasizes the importance both individuals place on maintaining the basement in good condition, especially given",0,MiniRAG,197
Why is Jennifer checking in in the gym group chat on 20260708?,20260708_14:00,She wants to hear how the members are all doing and offer some personalized advice.,"Based on the provided context, there are two main interactions between LiHua and JenniferMoore.

1. **First Interaction (January 28, 2026)**: LiHua shares her progress with Jennifer, indicating that she has been sticking to her workout plan and feeling good about it. She inquires whether it’s time to increase the intensity of her workouts. Jennifer responds positively, suggesting that if LiHua feels ready and maintains good form, they can increase the workout intensity. This exchange shows a supportive coach-client relationship where Jennifer encourages LiHua to communicate her readiness for more challenging workouts.

2. **Second Interaction (February 11, 2026)**: LiHua informs Jennifer of an unexpected work meeting that conflicts with their scheduled training session and requests to reschedule it to Friday. Jennifer responds understandingly, saying that Friday works for her and asks for the time LiHua has in mind for the rescheduled session. This interaction reflects flexibility and cooperation between them,",0,MiniRAG,198
What is the article that Chae shares with LiHua about?,20260711_11:00,how to fall asleep faster at night,"Based on the provided context, it appears that ChaeSong-hwa and LiHua are colleagues or friends who share an interest in research and well-being, particularly regarding sleep and recovery.

On July 11, 2026 (20260711), ChaeSong-hwa shared a new research article about improving sleep with LiHua, who responded positively, indicating she had already read it and found it informative. This exchange highlights their mutual interest in research related to health and wellness, emphasizing the importance of sleep for recovery, especially given their busy schedules.

Prior to this, on June 26, 2026 (20260626), ChaeSong-hwa excitedly announced a breakthrough in her own research study. She mentioned that her team had gathered sufficient data and was ready to test their model, which suggests that they are working on a significant project that has required considerable effort and dedication.

In summary, the interactions between ChaeSong-hwa and LiHua showcase their engagement with current",0,MiniRAG,199
What is LiHua's feeback on Hailey's new artisanal donuts?,20260712_16:00,The flavors are so unique and delicious,"In the provided context, Hailey Johnson is engaged in a conversation with Li Hua regarding her new culinary creations, specifically artisanal donuts and pastries. On July 12, 2026, Hailey inquires about the feedback on her artisanal donuts, to which Li Hua responds positively, praising the unique flavors. Li Hua particularly enjoyed the chocolate hazelnut flavor.

Two days later, on July 14, 2026, Hailey follows up to get feedback on additional pastries, specifically sprinkled cake donuts and red velvet New York cheesecake. Li Hua again responds positively, stating that the sprinkled cake donuts were soft and sweet, and the red velvet cheesecake was rich and delicious, commending Hailey on her work.

From this exchange, we can conclude that Li Hua is appreciative of Hailey's baking skills and provides constructive feedback that Hailey values for her improvement. The conversation highlights a positive relationship focused on culinary creativity and feedback. 

If you have a specific question about this exchange or need further",0,MiniRAG,200
